categoria,porcentagem
Java,0.22273781902552203
Python,0.013921113689095127
PHP,0.002320185614849188
